dataset,threads,train_samples,test_samples,features,classes,trees,mtry,max_depth,min_samples,seed,train_accuracy,test_accuracy,train_wall_s,predict_wall_s,wall_s,speedup_train,speedup_predict,speedup_wall,measure_dt_s,cpu_j,gpu_j,total_j,dynamic_j,cpu_power_w,avg_power_w,edp,cpu_edp,dynamic_edp,speedup_cpu_energy,speedup_edp,speedup_cpu_edp,idle_power_w
breast-cancer,1,455,114,30,2,300,3,6,5,42,0.9934,0.9912,0.406000,0.013000,0.419000,1.0000,1.0000,1.0000,0.540098,3.960730,3.644000,7.604730,4.864707,7.333358,14.080286,4.107297,2.139181,2.627417,1.0000,1.0000,1.0000,5.073198
breast-cancer,2,455,114,30,2,300,3,6,5,42,0.9934,0.9912,0.256000,0.000000,0.256000,1.5859,0.0000,1.6367,0.383118,2.773653,0.000000,2.773653,0.830019,7.239682,7.239682,1.062637,1.062637,0.317995,1.4280,3.8652,2.0131,5.073198
breast-cancer,4,455,114,30,2,300,3,6,5,42,0.9934,0.9912,0.169000,0.003000,0.172000,2.4024,4.3333,2.4360,0.348557,3.193706,3.166000,6.359706,4.591410,9.162663,18.245839,2.216717,1.113187,1.600366,1.2402,1.8529,1.9217,5.073198
breast-cancer,8,455,114,30,2,300,3,6,5,42,0.9934,0.9912,0.085000,0.004000,0.089000,4.7765,3.2500,4.7079,0.193864,1.410591,0.860000,2.270591,1.287081,7.276193,11.712295,0.440186,0.273463,0.249519,2.8079,9.3308,7.8226,5.073198
breast-cancer,16,455,114,30,2,300,3,6,5,42,0.9934,0.9912,0.066000,0.003000,0.069000,6.1515,4.3333,6.0725,0.380752,2.368867,0.000000,2.368867,0.437239,6.221557,6.221557,0.901950,0.901950,0.166480,1.6720,4.5538,2.3717,5.073198
breast-cancer,32,455,114,30,2,300,3,6,5,42,0.9934,0.9912,0.087000,0.004000,0.091000,4.6667,3.2500,4.6044,0.211894,1.862855,1.889000,3.751855,2.676872,8.791428,17.706242,0.794997,0.394729,0.567215,2.1262,5.1664,5.4194,5.073198
covtype,1,464809,116203,54,7,50,18,30,2,42,0.9976,0.9603,510.791000,19.911000,530.702000,1.0000,1.0000,1.0000,556.973969,2084.886738,0.000000,2084.886738,0.000000,3.743239,3.743239,1161227.641256,1161227.641256,0.000000,1.0000,1.0000,1.0000,5.073198
covtype,2,464809,116203,54,7,50,18,30,2,42,0.9977,0.9603,267.463000,7.941000,275.404000,1.9098,2.5074,1.9270,300.967381,1395.533024,0.001000,1395.534024,0.000000,4.636825,4.636828,420010.219987,420009.919020,0.000000,1.4940,2.7648,2.7648,5.073198
covtype,4,464809,116203,54,7,50,18,30,2,42,0.9975,0.9599,138.701000,4.297000,142.998000,3.6827,4.6337,3.7113,166.296863,900.025127,0.000000,900.025127,56.368134,5.412159,5.412159,149671.354872,149671.354872,9373.843911,2.3165,7.7585,7.7585,5.073198
covtype,8,464809,116203,54,7,50,18,30,2,42,0.9976,0.9600,95.161000,2.529000,97.690000,5.3677,7.8731,5.4325,121.578095,768.283190,0.000000,768.283190,151.493382,6.319257,6.319257,93406.406550,93406.406550,18418.276783,2.7137,12.4320,12.4320,5.073198
covtype,16,464809,116203,54,7,50,18,30,2,42,0.9978,0.9601,70.787000,1.843000,72.630000,7.2159,10.8036,7.3069,96.741542,622.873508,0.000000,622.873508,132.084463,6.438532,6.438532,60257.743551,60257.743551,12778.054645,3.3472,19.2710,19.2710,5.073198
covtype,32,464809,116203,54,7,50,18,30,2,42,0.9977,0.9599,69.737000,1.695000,71.432000,7.3245,11.7469,7.4295,94.909133,588.051421,0.000000,588.051421,106.558550,6.195941,6.195941,55811.450484,55811.450484,10113.379612,3.5454,20.8063,20.8063,5.073198
iris,1,120,30,4,3,300,2,12,5,42,1.0000,0.9333,0.026000,0.002000,0.028000,1.0000,1.0000,1.0000,0.094275,0.587159,1.117000,1.704159,1.225885,6.228177,18.076543,0.160659,0.055354,0.115570,1.0000,1.0000,1.0000,5.073198
iris,2,120,30,4,3,300,2,12,5,42,1.0000,0.9333,0.013000,0.000000,0.013000,2.0000,0.0000,2.1538,0.058170,0.381284,0.787000,1.168284,0.873175,6.554626,20.083890,0.067959,0.022179,0.050793,1.5400,2.3640,2.4958,5.073198
iris,4,120,30,4,3,300,2,12,5,42,1.0000,0.9333,0.023000,0.001000,0.024000,1.1304,2.0000,1.1667,0.053988,0.404294,0.000000,0.404294,0.130402,7.488571,7.488571,0.021827,0.021827,0.007040,1.4523,7.3605,2.5360,5.073198
iris,8,120,30,4,3,300,2,12,5,42,1.0000,0.9333,0.009000,0.001000,0.010000,2.8889,2.0000,2.8000,0.050675,0.152026,0.280000,0.432026,0.174939,2.999987,8.525351,0.021893,0.007704,0.008865,3.8622,7.3383,7.1852,5.073198
iris,16,120,30,4,3,300,2,12,5,42,1.0000,0.9333,0.011000,0.000000,0.011000,2.3636,0.0000,2.5455,0.054001,0.283836,0.000000,0.283836,0.009881,5.256171,5.256171,0.015327,0.015327,0.000534,2.0687,10.4819,3.6115,5.073198
iris,32,120,30,4,3,300,2,12,5,42,1.0000,0.9333,0.023000,0.000000,0.023000,1.1304,0.0000,1.2174,0.063424,0.191371,0.131000,0.322371,0.000609,3.017326,5.082793,0.020446,0.012137,0.000039,3.0682,7.8577,4.5606,5.073198
letter-recognition,1,16000,4000,16,26,300,4,30,2,42,1.0000,0.9620,19.504000,2.378000,21.882000,1.0000,1.0000,1.0000,22.269254,53.069746,0.000000,53.069746,0.000000,2.383095,2.383095,1181.823623,1181.823623,0.000000,1.0000,1.0000,1.0000,5.073198
letter-recognition,2,16000,4000,16,26,300,4,30,2,42,1.0000,0.9623,9.894000,1.242000,11.136000,1.9713,1.9147,1.9650,11.492573,42.065922,0.000000,42.065922,0.000000,3.660270,3.660270,483.445666,483.445666,0.000000,1.2616,2.4446,2.4446,5.073198
letter-recognition,4,16000,4000,16,26,300,4,30,2,42,1.0000,0.9613,5.116000,0.663000,5.779000,3.8124,3.5867,3.7865,6.140818,32.523641,0.000000,32.523641,1.370052,5.296304,5.296304,199.721764,199.721764,8.413240,1.6317,5.9174,5.9174,5.073198
letter-recognition,8,16000,4000,16,26,300,4,30,2,42,1.0000,0.9627,3.274000,0.362000,3.636000,5.9572,6.5691,6.0182,3.998859,28.519313,0.000000,28.519313,8.232308,7.131863,7.131863,114.044709,114.044709,32.919839,1.8608,10.3628,10.3628,5.073198
letter-recognition,16,16000,4000,16,26,300,4,30,2,42,1.0000,0.9625,2.841000,0.290000,3.131000,6.8652,8.2000,6.9888,3.475711,26.552046,0.000000,26.552046,8.919072,7.639313,7.639313,92.287249,92.287249,31.000121,1.9987,12.8059,12.8059,5.073198
letter-recognition,32,16000,4000,16,26,300,4,30,2,42,1.0000,0.9620,2.713000,0.282000,2.995000,7.1891,8.4326,7.3062,3.354893,24.524203,0.000000,24.524203,7.504163,7.309980,7.309980,82.276086,82.276086,25.175666,2.1640,14.3641,14.3641,5.073198
